kind,count,ok,p50_ms,p95_ms,p99_ms
CreateLoan,1199,1198,486.64147200179286,779.175525996834,899.4886629952816
Deposit,2398,2398,367.3418300022604,639.8063710075803,716.285215006792
Register,1200,1200,471.17528499802575,698.8805279979715,780.55811500235
RegisterParse,1,0,0.0,0.0,0.0
